user_id,followed_user_id
294,101
322,20
4,119
133,4
3,303
259,229
312,235
42,2
287,327
361,276
19,18
6,48
193,54
354,8
236,361
231,166
370,361
311,46
363,322
175,122
304,7
314,51
65,399
93,52
51,235
254,6
306,196
347,234
37,8
398,279
176,352
321,361
5,204
64,290
31,113
325,331
2,315
38,9
217,240
306,52
339,229
299,13
244,77
255,352
318,63
369,337
201,152
221,359
301,239
18,259
174,18
205,122
130,357
305,209
142,331
102,258
54,218
227,289
188,218
234,185
114,3
39,238
171,394
372,384
277,146
54,74
13,222
59,189
20,81
233,225
354,106
325,308
392,218
68,8
146,193
31,355
145,377
360,265
266,258
233,81
123,209
9,44
94,2
4,374
133,259
333,284
60,9
11,4
244,355
299,291
312,81
268,303
160,212
27,97
152,357
188,51
352,382
89,188
17,169
56,11
344,298
195,355
29,143
18,393
223,8
106,97
258,2
54,352
90,9
87,349
108,143
7,11
27,218
181,276
40,8
298,303
170,383
243,367
359,170
51,166
190,361
399,355
157,184
83,6
109,144
378,3
289,74
260,276
207,41
258,352
231,398
279,146
350,206
142,177
296,235
370,184
25,266
79,386
198,337
254,238
258,388
145,331
191,298
334,347
373,338
325,298
371,265
51,58
117,269
38,241
386,393
279,38
280,3
230,2
253,394
326,235
171,361
320,75
337,393
176,296
81,287
289,87
355,298
227,112
381,170
312,336
368,8
56,230
145,79
310,146
22,8
302,185
150,14
14,4
179,337
293,322
360,232
38,218
63,391
332,170
278,199
304,337
350,304
9,11
101,8
48,2
287,284
307,113
105,393
200,136
111,58
63,18
177,3
256,296
383,337
283,170
114,212
302,3
93,9
231,388
277,355
164,298
175,344
2,7
96,200
8,87
222,10
307,234
25,256
39,303
327,212
260,122
65,212
340,2
172,9
9,397
78,2
131,157
29,375
159,76
211,266
212,2
306,9
329,258
341,232
179,170
213,83
85,126
10,361
224,321
398,357
399,322
131,13
212,87
315,359
397,20
257,9
307,355
146,258
119,304
374,265
280,258
286,152
158,232
186,214
207,8
212,352
169,161
108,2
162,122
282,38
18,108
74,9
258,355
359,258
399,214
109,232
243,46
329,235
330,200
388,321
141,184
326,346
345,359
38,208
63,381
100,3
347,289
90,218
142,265
9,1
253,361
355,0
14,344
123,22
242,388
269,76
201,207
349,105
54,8
70,361
144,81
208,331
382,367
308,189
220,76
246,214
267,8
360,199
380,214
9,387
98,199
347,37
366,279
229,390
230,355
263,303
55,8
134,9
227,200
19,171
173,229
99,51
64,322
254,74
5,7
319,54
321,393
29,221
153,287
138,393
177,235
332,258
359,212
250,76
135,238
290,261
388,46
310,355
101,361
231,211
43,11
5,393
161,3
188,106
360,212
79,199
303,352
339,9
351,20
208,200
148,298
0,171
269,30
254,316
254,87
151,303
38,54
51,136
224,144
94,214
329,346
156,9
61,37
348,359
181,331
340,355
377,157
78,355
18,75
158,235
159,200
145,265
397,337
163,170
318,193
274,266
369,9
275,2
316,3
13,2
3,217
16,236
243,278
124,98
318,229
142,3
79,212
24,276
225,266
298,250
326,169
380,289
306,74
317,349
108,355
129,298
175,265
26,56
221,152
0,4
266,303
133,39
78,103
130,379
346,3
137,9
215,337
87,8
214,112
354,272
221,8
345,303
38,152
131,343
4,10
42,122
196,180
87,273
146,359
350,9
1,4
315,51
246,37
2,314
151,28
399,279
54,361
301,238
301,9
306,87
357,398
30,3
71,41
14,324
95,398
143,209
95,169
278,25
215,85
311,22
207,230
393,357
210,235
345,51
310,322
103,258
94,289
243,3
377,3
330,157
388,278
321,337
333,162
45,24
144,146
65,2
285,5
28,200
370,229
162,200
316,258
181,213
234,76
119,238
26,10
279,227
237,230
144,2
336,352
388,399
349,291
85,361
59,309
93,185
338,398
79,58
11,3
16,347
145,3
223,331
325,199
61,269
100,346
71,319
326,280
4,0
138,229
224,3
284,54
201,285
241,321
353,382
140,9
218,337
23,98
77,218
163,258
81,368
352,8
362,238
100,238
254,296
187,206
6,194
307,122
395,6
259,2
91,9
176,233
142,91
127,191
349,304
48,47
234,174
70,331
146,61
167,4
77,339
82,305
138,206
14,399
338,2
170,9
362,359
379,3
268,315
290,74
26,144
254,8
259,352
190,252
127,312
288,266
309,209
125,388
10,321
83,162
87,361
221,361
335,346
206,232
78,312
90,286
339,87
117,160
128,398
311,25
122,238
114,234
193,298
253,20
70,164
64,4
229,337
91,107
243,235
250,131
344,58
330,160
74,54
148,3
188,76
198,349
213,249
359,303
382,170
112,166
57,230
265,30
360,2
332,169
70,20
311,146
204,20
288,279
160,322
350,74
293,357
329,51
349,258
316,81
389,331
78,289
18,9
361,232
361,3
103,382
164,212
223,298
77,64
21,20
65,355
244,357
291,289
102,273
2,6
152,359
172,188
307,4
233,204
105,284
278,355
244,213
269,386
306,8
77,185
310,387
235,393
129,3
253,298
308,234
111,214
137,352
173,9
341,2
79,2
243,333
357,355
223,275
95,355
250,0
101,20
162,265
13,322
166,6
399,357
386,9
377,189
255,200
114,224
195,298
308,355
41,11
66,184
265,393
188,30
346,238
177,280
393,170
379,235
31,46
387,10
330,379
181,399
343,169
168,51
194,189
5,173
205,235
259,355
340,14
82,393
110,375
287,8
216,393
149,303
16,39
189,110
323,339
206,199
232,337
363,3
71,11
344,169
362,303
335,349
100,303
60,230
5,294
268,30
388,212
49,337
179,303
234,10
254,217
273,230
255,298
148,235
181,3
167,105
247,214
211,291
298,30
344,146
188,393
52,383
382,258
125,224
65,322
224,346
6,7
260,3
398,382
51,158
135,8
335,182
360,355
98,355
44,6
353,87
124,264
223,386
10,13
137,54
9,134
2,9
211,3
307,236
348,8
30,336
267,20
326,106
177,355
58,175
332,149
28,3
107,296
166,382
162,3
227,212
335,303
25,114
349,238
119,41
31,157
64,105
210,388
76,308
136,359
351,284
332,5
372,78
208,235
85,393
375,3
58,296
347,170
237,298
225,144
135,250
157,9
235,337
128,211
172,397
307,213
25,235
213,206
298,393
117,238
108,269
391,212
244,13
129,212
236,9
235,193
355,146
214,170
316,38
369,44
370,9
97,259
380,59
196,238
101,229
9,3
102,194
106,344
163,61
288,321
336,361
363,235
148,81
319,308
146,8
187,9
355,2
171,330
371,355
90,76
110,54
13,387
38,331
53,194
159,212
5,117
144,312
199,248
270,308
347,3
257,109
222,2
135,83
194,169
302,260
341,188
393,235
238,361
243,61
217,9
310,200
106,321
122,149
14,58
153,253
167,337
181,235
281,173
327,289
337,74
214,3
5,9
163,303
83,194
317,361
174,232
260,235
78,344
18,64
266,315
342,45
293,3
218,238
224,169
278,289
313,18
394,235
250,78
61,291
196,107
96,169
20,259
194,146
302,8
30,303
294,4
131,355
177,322
372,189
123,122
162,379
244,3
228,324
206,156
194,2
119,8
145,146
83,171
142,257
310,213
61,3
369,119
199,382
320,263
18,41
57,298
325,378
9,258
237,265
332,8
169,359
384,284
275,377
41,210
376,51
48,69
86,361
78,357
79,322
125,289
334,54
30,51
380,170
211,212
108,236
290,276
128,214
149,8
190,9
384,140
323,44
309,146
369,11
59,200
152,162
331,393
338,289
347,258
224,38
225,3
16,9
57,10
41,331
49,6
87,298
162,212
315,305
206,398
18,198
388,146
286,98
306,76
9,235
80,258
194,280
176,3
347,379
388,2
179,8
318,352
10,199
354,9
57,131
378,217
76,144
257,76
99,393
234,209
304,8
180,238
363,94
260,81
51,236
384,382
122,296
130,8
80,379
171,9
223,199
146,361
304,44
227,169
356,54
312,393
393,238
298,229
299,194
77,230
250,9
308,279
215,51
5,241
349,51
153,76
263,393
61,258
135,207
196,74
28,81
41,200
291,46
202,117
122,8
303,20
100,106
201,9
321,74
386,54
3,173
23,2
318,185
129,398
141,143
288,13
387,284
24,232
164,355
244,235
61,379
380,16
117,51
277,3
202,238
202,9
194,5
97,301
365,381
152,8
49,261
266,30
71,20
109,312
148,303
161,322
350,109
102,7
330,51
370,87
94,3
395,260
19,9
144,269
11,5
145,234
394,35
177,37
102,272
22,163
190,156
202,359
232,238
285,393
321,87
45,3
218,74
94,304
249,327
3,6
87,265
369,243
182,8
208,146
234,284
30,368
46,4
78,36
102,393
98,14
258,3
262,382
285,20
318,54
392,3
1,81
239,398
254,298
301,230
38,265
152,250
133,8
224,355
84,381
347,346
36,304
91,11
96,355
251,0
350,122
238,30
322,289
351,87
341,302
382,303
0,9
131,312
190,398
159,2
387,9
257,308
129,159
215,162
176,91
290,76
355,322
266,393
254,10
98,171
225,212
31,81
218,87
284,298
310,170
142,214
163,8
372,2
129,244
20,337
179,361
309,211
354,362
333,10
3,284
261,170
279,304
58,76
386,21
108,193
153,344
0,251
282,229
18,119
32,203
292,279
16,195
64,6
56,2
344,289
26,388
231,3
318,8
334,361
260,146
221,75
360,4
2,296
15,235
161,289
41,144
235,238
7,2
31,359
18,11
44,149
51,337
353,1
225,81
185,8
196,283
317,164
161,325
94,235
168,184
181,303
65,357
301,76
261,3
52,9
91,266
238,285
243,214
143,276
257,298
269,352
278,321
116,30
377,214
60,278
267,199
46,200
220,87
278,357
170,266
3,238
3,9
222,276
202,218
288,258
120,265
121,230
362,207
78,268
142,289
82,9
216,238
109,112
276,289
281,218
213,349
133,240
293,192
334,230
199,185
211,388
285,337
365,217
163,119
123,46
129,355
250,87
209,235
284,229
308,357
254,386
295,9
86,393
316,361
27,78
33,9
307,212
57,366
380,382
352,134
379,8
135,285
117,8
162,388
208,355
0,326
257,131
288,235
0,97
20,304
201,87
294,278
323,76
342,355
59,3
137,331
279,6
393,28
168,318
269,221
315,337
375,388
27,199
388,178
159,355
347,326
298,284
31,169
244,313
189,377
63,9
377,168
209,212
0,218
294,399
92,301
306,144
277,346
89,146
14,381
244,169
67,393
356,230
93,265
381,174
193,352
70,398
85,261
105,276
233,196
137,308
57,199
332,138
89,2
143,122
275,278
6,382
127,114
200,284
172,265
213,303
340,258
184,276
5,8
143,387
365,171
49,51
102,206
276,279
146,20
6,9
56,355
151,98
190,355
246,107
397,276
218,8
392,81
47,126
208,80
27,68
73,35
99,173
159,224
174,87
49,352
220,54
124,266
56,211
223,388
244,182
190,211
294,3
2,11
149,30
169,8
174,352
199,296
326,337
132,206
70,2
318,253
339,10
36,9
101,218
289,189
220,355
290,154
342,201
274,146
361,214
362,30
382,8
204,87
45,359
286,156
54,264
87,212
275,3
353,331
13,3
63,349
224,37
129,214
87,68
322,200
78,248
79,213
279,238
92,3
75,359
265,74
279,9
17,9
312,6
296,327
9,5
399,74
229,8
15,48
255,146
269,44
200,359
221,153
235,51
13,124
225,303
131,259
117,361
266,75
190,165
95,193
176,267
101,87
201,211
281,54
167,218
393,381
93,3
180,8
259,301
378,252
256,375
109,213
243,27
40,342
114,291
160,258
377,27
1,5
254,222
97,238
98,203
159,70
311,347
90,199
278,170
393,8
255,303
399,51
102,173
236,24
370,253
179,393
253,342
165,229
5,11
217,276
399,316
310,238
49,54
329,337
95,170
32,379
320,288
79,311
286,146
159,191
353,285
39,9
68,152
281,296
267,398
202,152
308,399
79,347
160,6
294,235
111,379
32,235
167,51
321,109
327,3
157,266
258,169
230,336
40,355
370,230
146,373
202,8
59,225
148,37
153,3
232,296
287,232
71,199
371,311
56,70
331,9
204,54
318,76
12,378
106,156
210,393
371,347
338,170
168,396
369,386
29,58
187,266
54,2
95,3
282,9
268,74
239,276
167,28
4,1
63,87
232,8
202,394
122,285
223,188
169,217
375,322
267,2
308,3
99,9
224,269
124,331
233,9
90,189
28,214
49,8
22,54
76,25
183,8
282,359
335,285
180,348
392,2
365,393
177,193
125,3
252,107
312,9
243,138
323,167
155,211
215,76
181,83
0,8
206,256
44,194
233,359
258,303
28,106
162,335
14,171
114,258
194,138
275,212
332,337
143,321
380,5
176,355
363,361
371,36
216,162
133,393
267,244
327,258
224,282
265,283
190,289
294,346
349,53
167,162
346,393
387,165
230,218
36,87
196,76
81,238
362,337
205,390
319,375
65,379
106,2
298,352
345,284
321,76
72,9
77,353
138,220
163,393
68,155
169,207
295,54
322,157
313,337
319,2
42,368
151,9
153,235
207,355
26,14
111,238
97,303
144,6
89,70
14,305
122,396
278,235
102,9
294,359
8,2
356,154
173,298
180,194
367,200
354,230
11,7
259,258
91,265
111,94
2,187
212,146
343,337
95,235
26,135
17,352
131,337
24,211
338,258
124,298
265,8
323,278
3,8
342,377
52,309
180,86
300,2
341,3
132,9
354,122
91,157
266,9
343,229
221,352
60,169
59,290
78,303
59,61
72,143
99,97
125,235
145,213
224,357
232,361
233,97
236,331
259,235
345,9
397,285
69,74
267,355
129,125
188,211
300,352
268,54
334,265
166,272
111,336
92,94
266,359
29,303
183,361
259,91
296,238
260,315
38,388
328,190
56,256
27,378
209,355
388,357
40,168
322,3
206,200
78,280
193,1
252,87
259,212
210,170
325,157
114,382
344,170
316,337
281,230
37,135
263,218
114,238
370,164
107,199
321,308
179,75
163,396
277,381
354,76
318,10
327,238
368,276
71,398
276,13
65,238
181,4
294,61
319,234
326,359
374,170
9,194
212,28
391,259
90,2
304,111
289,211
7,4
341,258
78,293
268,8
24,322
85,152
144,238
279,54
91,3
291,28
311,235
290,212
308,346
268,273
344,3
384,76
375,27
63,286
237,322
259,81
143,278
357,238
249,296
81,303
276,170
316,206
128,6
274,60
174,122
5,164
312,352
348,9
86,9
97,18
3,11
227,393
160,303
235,217
294,303
4,321
299,238
303,388
299,9
376,229
281,220
322,258
227,249
72,375
30,229
166,10
399,361
284,2
176,289
108,5
246,384
321,298
105,265
200,8
216,361
83,97
350,212
208,357
128,248
371,6
21,122
54,70
169,20
60,113
276,3
132,218
145,337
286,276
251,355
315,74
326,349
372,236
284,352
257,398
222,291
385,398
392,214
47,259
221,332
382,20
70,279
239,200
185,229
360,81
151,87
237,276
143,3
268,263
274,194
92,303
221,188
293,27
359,238
225,158
345,74
129,370
384,331
47,151
288,214
10,269
63,361
76,214
149,284
40,377
60,355
41,113
322,212
181,236
240,322
31,328
323,91
388,157
5,10
230,394
131,6
48,8
139,355
329,107
105,399
319,322
132,87
266,87
386,3
144,61
16,141
103,209
129,347
169,383
189,212
264,126
330,337
160,185
342,311
375,259
46,169
90,355
191,258
345,87
209,312
282,296
114,303
148,216
268,361
81,126
220,321
296,51
348,393
345,352
381,9
287,2
328,3
303,355
94,361
22,76
288,312
47,20
153,267
213,318
267,289
341,238
79,238
195,4
32,126
197,193
14,337
238,2
69,44
148,337
209,204
201,200
262,30
282,8
298,361
347,174
219,217
30,52
250,321
17,119
259,61
325,235
391,180
238,87
149,9
341,359
71,355
17,384
371,238
109,238
95,303
189,81
330,206
18,199
107,48
286,279
5,0
284,355
345,185
217,265
76,289
265,76
339,25
399,76
308,303
302,143
355,235
27,24
13,126
6,1
381,107
396,7
157,399
218,229
391,337
124,222
218,0
175,304
83,41
369,169
263,8
107,169
341,336
144,316
31,259
17,361
213,7
131,117
232,20
291,106
169,229
135,87
148,206
1,7
227,170
6,122
9,393
158,107
327,28
338,303
339,2
343,238
147,326
208,193
321,399
213,308
342,193
45,315
159,337
343,9
348,87
206,3
131,238
68,298
289,266
60,214
81,8
122,9
97,361
353,287
386,235
90,322
373,265
345,54
177,61
161,382
8,289
377,6
363,108
374,346
341,169
299,352
335,9
286,4
204,200
303,322
325,81
214,393
147,303
27,158
166,353
221,289
194,6
334,166
16,265
111,8
372,278
397,222
337,91
362,264
8,1
374,238
38,289
187,3
232,154
331,276
11,6
125,28
350,375
137,2
175,294
161,359
190,157
102,44
181,337
275,381
365,9
376,284
93,224
354,265
132,152
345,296
4,3
22,200
149,241
337,212
143,81
350,2
141,386
146,352
316,9
238,355
359,87
171,265
61,393
266,8
217,3
295,331
380,30
95,126
20,361
154,212
294,106
342,3
32,106
133,9
84,382
231,315
98,51
144,18
184,91
225,92
391,304
110,25
297,117
235,56
206,258
0,10
388,235
39,230
346,9
77,113
84,9
311,51
275,214
354,278
184,212
3,20
163,9
297,238
372,3
128,51
167,308
329,41
254,276
113,8
345,165
360,28
331,230
24,79
236,258
386,166
114,381
110,2
18,264
333,276
306,322
125,18
90,289
239,3
304,398
373,3
271,221
281,265
94,30
100,339
323,2
114,8
328,346
286,200
243,238
284,276
48,328
202,386
230,76
201,278
301,365
307,259
172,214
312,374
327,8
332,352
319,4
102,384
237,200
350,257
29,171
391,258
269,3
194,238
41,145
275,83
328,238
321,199
312,230
306,70
144,8
122,398
91,2
175,261
8,4
362,87
32,361
20,207
41,1
24,357
99,122
133,264
145,238
220,3
280,54
285,361
299,296
365,241
262,265
398,9
136,9
214,337
267,200
335,218
147,18
179,87
180,52
321,91
16,209
217,199
101,396
7,389
290,332
162,183
336,70
100,208
355,169
91,388
211,304
278,214
94,393
128,306
250,3
21,180
195,216
342,6
137,211
150,330
304,388
350,355
108,184
263,207
69,76
75,7
316,362
21,36
201,3
254,158
266,361
286,190
167,10
372,379
21,301
330,382
116,44
268,321
309,359
46,214
71,387
111,194
97,30
290,345
298,20
372,6
257,168
230,151
196,9
334,388
349,251
161,51
26,6
113,11
306,289
124,398
193,3
75,393
71,14
373,199
269,258
142,303
310,30
28,52
143,2
335,352
387,399
279,308
158,18
359,8
337,398
204,134
189,234
355,303
151,387
64,239
70,170
143,303
269,379
289,357
149,54
223,3
14,9
263,76
302,296
181,6
177,381
173,2
360,8
103,352
224,84
106,357
227,9
361,238
100,54
174,3
36,298
177,8
216,265
128,152
187,58
44,9
71,112
21,291
61,327
337,2
377,38
342,117
85,46
380,229
285,220
8,357
204,3
7,212
20,331
6,396
297,51
333,4
79,8
105,146
71,4
149,332
171,91
304,355
377,159
21,3
213,353
155,3
375,235
31,196
339,312
371,381
51,174
199,9
330,349
216,98
340,393
33,242
19,78
70,389
5,143
145,303
234,3
239,81
94,337
317,37
318,2
356,257
30,352
246,242
133,185
158,129
96,303
384,212
9,6
96,74
8,190
101,3
282,164
307,337
317,122
327,315
397,2
37,333
85,144
286,134
143,5
329,132
286,399
319,347
70,137
269,346
10,6
47,382
290,289
26,359
361,349
100,165
393,9
75,337
263,308
6,386
47,9
316,54
50,20
123,4
54,170
269,58
288,337
175,51
201,189
268,242
46,315
66,144
320,289
335,152
56,359
394,238
58,289
331,298
141,323
181,359
263,20
234,222
307,206
279,373
60,69
199,264
352,357
63,340
286,3
17,144
83,318
325,260
107,37
72,308
386,355
177,361
119,11
303,357
28,9
106,337
14,74
227,218
172,282
174,212
233,298
105,378
321,2
117,352
157,388
330,87
147,194
167,209
188,3
24,160
319,157
196,352
236,388
76,170
138,2
330,352
162,359
371,204
372,169
94,75
254,213
316,8
99,10
184,234
90,190
243,54
40,369
101,199
175,185
323,312
5,2
373,169
296,331
297,296
391,74
362,276
206,28
361,51
393,349
299,76
14,352
325,214
87,193
13,393
389,235
213,9
9,359
58,135
159,38
231,206
364,321
169,231
323,289
140,204
152,178
327,30
259,161
216,199
288,304
322,217
343,11
194,260
66,111
214,9
17,255
117,342
77,269
331,265
30,8
71,46
144,30
164,8
169,352
332,230
373,2
172,357
133,286
78,350
99,144
180,218
146,76
207,235
342,51
244,382
368,189
382,87
394,61
63,78
83,285
49,143
243,8
248,352
194,381
114,272
283,230
328,381
356,214
239,303
355,229
286,235
58,377
331,386
24,235
199,87
393,218
319,3
257,357
379,54
16,2
57,3
365,119
369,269
60,337
59,229
99,265
173,214
194,8
157,355
201,398
101,45
100,266
349,296
8,3
86,331
151,311
51,373
192,349
386,214
220,2
244,359
124,214
354,2
42,261
269,303
370,355
136,188
14,162
327,393
139,193
87,3
328,129
307,6
211,218
84,263
229,352
399,9
220,303
320,390
321,355
144,393
246,32
17,209
274,359
194,250
175,8
86,308
181,51
339,259
184,322
357,393
196,296
83,10
162,303
152,289
201,2
225,359
142,361
291,75
317,213
357,20
86,200
185,322
260,87
352,170
56,28
380,9
76,6
301,390
207,346
330,8
30,384
287,46
360,30
51,98
62,373
163,276
303,399
299,20
386,168
201,388
275,337
1,97
13,337
388,214
382,54
334,14
387,169
239,5
30,11
63,45
8,258
148,381
15,117
176,71
93,216
106,235
92,337
114,10
388,250
375,51
131,328
152,122
72,13
386,289
28,352
393,185
202,388
61,349
156,92
142,194
369,236
174,146
16,234
57,6
352,3
390,295
49,2
90,3
281,388
268,189
300,258
232,352
253,146
266,265
347,339
361,8
237,58
8,235
303,3
94,9
172,337
0,2
41,3
11,240
165,298
199,211
16,355
231,392
277,359
129,381
194,361
21,61
174,303
276,171
316,207
360,393
307,9
45,238
98,393
254,3
293,74
398,276
51,52
236,214
391,237
235,398
208,381
296,265
0,352
129,8
221,91
38,235
367,145
184,289
54,359
283,331
8,212
161,76
213,352
287,301
144,252
171,355
96,361
310,284
229,67
146,298
221,212
227,106
172,170
185,289
177,285
83,278
200,9
105,37
149,223
296,242
288,238
18,377
341,393
288,9
79,393
359,298
218,322
59,6
286,48
151,3
217,214
101,2
340,284
322,7
342,214
79,249
352,258
83,399
35,322
196,276
131,30
36,58
236,312
289,238
288,359
102,3
176,38
371,393
231,382
210,30
377,207
2,1
179,308
374,138
259,337
2,266
265,2
97,9
289,359
306,3
89,5
281,355
263,78
175,194
346,76
372,214
328,207
31,329
211,296
338,337
331,212
352,6
90,235
323,357
82,2
310,9
281,211
12,352
48,9
99,320
44,384
71,258
111,294
299,265
256,303
41,235
329,144
295,2
152,331
212,382
184,171
30,76
124,269
379,230
211,8
128,10
174,355
207,303
254,235
71,379
206,158
131,393
137,324
82,388
78,9
151,222
340,9
277,218
149,298
0,355
61,185
28,8
162,8
286,303
341,239
25,119
24,303
71,235
217,289
291,238
135,399
156,193
117,122
380,87
263,176
122,200
362,298
202,80
274,185
300,323
5,289
321,266
188,2
380,352
204,355
310,107
317,3
34,209
147,229
179,298
39,287
234,5
298,398
339,170
83,330
285,199
222,259
201,322
334,357
193,381
172,258
100,10
64,87
149,311
250,214
15,231
41,369
169,289
60,382
288,326
296,330
234,355
0,188
159,361
79,252
268,2
10,381
6,2
37,106
365,200
392,303
284,212
277,87
263,189
61,54
146,278
214,296
375,250
79,337
93,6
205,184
352,117
277,352
51,9
101,355
235,355
29,107
122,298
303,81
316,200
148,207
132,199
266,199
399,54
307,87
99,58
352,238
214,8
165,3
90,238
137,170
84,164
258,51
123,6
257,235
152,298
97,362
3,355
293,8
251,48
289,303
322,337
181,361
74,235
173,357
334,311
160,9
352,359
369,3
17,146
82,355
110,337
157,269
257,356
317,258
223,214
370,4
301,170
394,361
184,259
124,357
279,2
171,289
189,337
284,346
303,359
295,355
76,51
381,278
174,214
195,8
309,30
187,4
225,296
211,361
321,4
104,235
266,68
68,312
124,213
269,302
129,328
149,157
150,122
194,308
271,3
289,51
349,331
246,355
387,214
319,159
332,278
91,301
122,288
27,316
155,322
350,3
328,393
106,280
88,3
341,183
4,269
91,337
51,264
287,212
184,236
393,230
225,8
42,152
269,194
350,268
231,51
142,10
181,230
105,357
145,393
5,4
170,337
294,107
238,212
231,87
243,141
255,381
277,54
323,170
349,79
0,11
38,303
138,390
184,357
394,230
39,2
156,258
142,360
291,74
41,48
374,337
354,279
318,213
175,393
60,326
1,11
6,355
187,138
18,180
253,312
381,3
386,347
10,325
210,350
63,188
339,6
346,131
331,2
77,6
229,220
93,359
85,355
240,149
49,289
196,308
304,170
135,212
156,6
276,337
27,270
340,352
78,352
323,3
19,37
353,291
259,284
244,384
91,291
36,355
57,149
319,149
262,289
74,238
206,357
320,379
19,122
180,76
312,146
123,359
233,2
338,284
250,171
350,258
47,220
281,158
153,238
15,8
342,174
334,170
239,161
299,212
333,25
347,109
284,169
50,2
128,330
169,331
278,9
275,349
66,355
349,298
47,76
106,162
48,41
18,278
27,18
0,1
72,398
73,214
179,3
300,293
352,303
185,46
365,13
123,71
262,266
155,289
304,3
194,131
233,388
60,51
394,76
152,134
4,7
236,393
347,230
41,303
195,361
88,235
350,6
308,238
152,399
348,45
386,337
364,169
222,314
231,54
258,8
39,378
214,230
232,135
177,199
334,3
164,229
250,269
42,240
259,9
54,214
4,393
110,294
184,180
47,354
124,49
229,331
316,399
318,180
5,357
81,87
173,170
234,37
84,278
56,259
145,108
151,2
284,303
196,190
208,393
95,107
0,135
381,235
39,355
301,212
267,70
265,289
31,122
340,54
386,170
338,130
294,352
257,25
159,393
368,158
146,45
393,331
111,87
226,74
58,81
102,267
365,3
48,296
283,199
323,235
275,195
339,359
372,393
58,117
15,384
3,1
26,393
231,8
93,303
148,10
85,70
132,2
360,9
266,2
357,349
21,171
388,373
20,355
39,368
60,162
235,14
26,20
275,87
367,170
133,3
105,170
130,343
91,235
91,6
83,2
48,273
311,9
329,143
193,282
214,76
184,170
277,361
257,303
305,51
94,276
296,2
132,388
128,9
38,381
374,330
119,189
205,229
258,384
319,214
212,8
238,146
163,3
284,113
397,170
309,206
334,379
239,370
181,20
380,266
327,74
131,199
157,337
296,352
135,169
136,134
193,259
326,2
110,261
105,3
370,337
149,189
122,235
14,144
223,138
238,38
348,398
363,298
24,194
250,357
75,276
143,294
196,157
371,9
28,164
318,3
148,229
100,189
368,269
164,353
59,8
250,393
277,230
114,352
397,3
241,164
227,229
322,9
341,251
152,235
138,337
334,212
298,289
16,311
42,220
157,170
288,361
143,6
309,304
60,8
341,107
38,106
217,337
285,355
230,276
303,260
2,3
317,15
214,331
260,298
342,337
356,6
179,81
139,8
386,114
101,390
102,355
216,377
3,4
357,87
215,3
106,96
200,289
90,8
131,9
323,359
123,5
53,355
134,51
308,87
140,94
37,347
85,158
372,337
3,125
222,392
75,230
344,9
188,27
45,207
218,278
294,8
170,238
32,8
251,312
163,199
337,235
316,212
342,350
353,359
71,381
90,394
321,147
373,337
352,214
163,235
70,7
225,30
277,220
325,117
0,357
40,393
274,331
369,303
213,321
200,122
56,337
339,51
21,236
230,1
41,214
340,361
281,46
185,258
131,287
269,337
325,9
316,189
114,54
39,289
275,8
359,267
63,354
56,229
28,396
231,230
224,42
372,206
130,35
143,117
397,379
248,170
120,250
355,382
41,106
390,74
141,193
276,9
185,379
307,76
395,189
393,265
28,252
147,352
289,27
368,357
6,4
211,373
272,240
331,289
58,51
149,398
218,3
128,375
278,54
190,170
208,75
168,2
302,2
224,199
398,235
177,87
190,206
318,212
297,189
14,209
18,359
249,112
20,289
169,3
293,298
349,199
31,298
381,2
177,352
119,2
331,181
241,373
60,361
162,229
337,81
350,51
381,267
39,158
166,199
63,223
128,352
303,204
348,355
290,5
86,355
107,149
375,229
341,87
278,296
164,45
176,285
322,339
149,2
122,48
173,359
227,330
74,8
283,2
362,146
377,9
265,213
339,162
24,7
250,170
16,3
274,298
295,92
106,305
370,235
315,70
370,6
272,374
179,146
233,266
31,131
230,377
196,235
271,149
257,214
262,180
122,169
278,8
129,65
294,361
281,13
19,13
179,2
306,106
89,337
130,146
145,9
244,131
369,162
357,8
397,81
209,30
51,230
4,6
83,70
224,9
302,257
146,355
323,51
288,30
232,278
184,238
338,296
170,74
40,373
330,212
281,170
209,151
134,8
175,9
179,388
253,337
359,355
384,3
166,189
5,6
239,173
371,329
98,54
212,76
54,393
289,30
388,9
184,359
366,399
373,258
364,289
82,311
131,87
211,196
102,289
267,393
334,303
92,361
294,230
339,381
126,8
152,146
393,209
45,20
205,9
298,200
230,331
268,357
296,276
133,398
213,278
386,349
373,379
152,2
339,8
290,381
168,355
288,308
358,107
234,337
348,322
161,87
174,206
221,138
276,74
346,398
266,289
19,3
231,331
117,166
329,345
369,381
8,259
337,169
213,399
234,193
41,27
119,355
315,1
334,51
111,122
236,382
23,9
22,193
229,114
154,349
190,6
315,266
153,204
227,153
72,279
148,9
99,4
246,23
36,213
51,76
370,238
33,324
261,331
269,6
93,338
201,137
7,6
348,70
38,259
225,265
4,117
325,352
372,284
399,301
144,11
149,355
74,361
397,48
262,3
356,159
322,54
0,3
78,331
39,223
184,349
368,170
17,321
151,135
380,144
142,352
297,375
343,113
100,355
60,282
167,265
386,303
4,9
224,241
16,212
218,81
235,399
296,266
355,352
73,337
391,9
179,355
213,268
265,278
185,169
266,243
58,214
371,296
384,235
310,20
208,9
286,337
347,353
328,74
338,384
111,76
170,162
136,169
109,152
102,27
221,393
281,258
94,23
316,136
132,135
265,170
211,199
159,9
386,51
350,214
136,25
327,230
25,45
285,4
372,9
54,337
202,235
179,368
66,311
161,54
235,3
26,9
18,5
251,393
318,303
377,352
15,265
190,117
295,399
295,170
41,174
202,91
19,6
328,87
144,266
299,289
35,359
357,230
189,8
303,30
369,204
217,372
85,36
265,3
56,9
262,114
147,276
381,214
293,330
359,312
64,278
132,4
23,97
103,355
358,87
0,379
82,3
142,54
214,222
124,185
91,8
147,397
295,3
355,54
60,20
267,170
354,238
167,3
177,276
217,349
245,331
298,157
311,276
14,398
332,70
94,278
175,352
347,199
309,352
27,337
141,359
132,390
335,224
308,207
359,289
45,13
246,3
37,9
78,10
306,17
77,194
380,3
263,321
196,2
293,343
326,377
346,355
94,399
63,3
276,296
27,229
202,81
44,398
155,6
319,337
379,388
299,279
171,359
394,22
343,322
68,117
164,54
202,346
201,238
106,229
321,303
138,38
322,384
276,8
294,56
265,258
210,322
97,265
110,384
9,189
222,296
171,71
227,2
268,3
355,8
6,3
193,9
217,303
311,230
49,81
48,265
324,20
148,352
25,398
135,4
274,199
5,303
290,27
300,337
335,178
285,357
79,109
64,209
85,3
178,231
219,3
10,9
62,285
81,298
87,229
262,81
227,352
54,52
322,361
342,339
356,8
38,193
172,7
110,361
232,58
138,51
338,76
298,3
128,266
129,231
36,3
215,5
354,349
4,316
346,345
360,243
158,145
199,146
258,232
265,91
269,241
217,51
323,361
316,322
129,87
100,289
40,9
328,296
387,382
31,189
299,269
29,265
277,101
295,235
349,355
172,393
133,322
188,258
282,36
306,393
313,289
49,359
200,3
56,218
23,41
365,70
363,146
180,290
199,303
345,357
381,14
257,393
190,74
163,57
229,2
363,2
159,352
353,217
379,355
16,303
63,235
91,217
296,357
308,331
370,126
141,303
107,161
167,212
180,2
105,8
145,44
196,355
373,51
108,242
311,76
26,352
102,82
337,214
85,258
354,303
10,264
13,10
131,374
331,170
393,2
84,70
124,106
95,308
281,169
47,2
338,331
16,280
38,39
250,218
251,183
265,81
101,238
142,276
176,9
167,189
59,98
341,76
232,169
79,76
361,54
22,359
357,200
156,30
276,361
281,290
307,199
388,44
46,164
144,321
354,51
170,230
251,304
394,87
211,2
103,289
94,91
274,287
174,349
155,107
132,203
63,369
172,10
258,199
285,36
331,3
371,76
106,330
122,158
207,382
374,230
185,214
58,259
58,30
259,20
250,51
263,170
26,77
361,296
20,3
278,298
90,98
217,139
285,157
325,230
377,11
283,4
369,7
160,13
141,149
167,58
177,331
232,267
156,308
159,54
24,9
232,38
233,3
346,289
171,28
230,114
262,146
26,198
167,323
207,359
393,315
199,355
273,75
65,46
192,87
23,129
117,322
339,20
365,158
237,9
68,51
194,276
254,327
306,337
279,91
204,326
16,126
9,87
108,209
263,3
54,9
200,212
6,81
213,2
4,8
347,2
138,8
231,199
257,337
129,188
155,326
344,76
328,397
5,381
1,2
6,346
118,258
10,87
196,214
117,70
102,170
175,11
180,355
201,149
293,146
319,284
329,69
18,27
342,8
89,87
90,52
204,74
74,373
223,87
269,283
101,61
216,48
81,3
106,176
287,337
19,28
393,355
293,2
399,398
398,204
262,280
248,345
181,355
202,149
282,258
297,158
11,289
201,41
132,170
203,230
115,346
149,259
171,18
285,3
325,76
282,114
5,214
26,8
180,103
345,170
111,3
331,235
49,257
83,170
28,234
49,28
168,357
175,253
302,357
289,9
276,76
12,146
266,291
211,355
218,214
239,8
278,265
91,30
296,399
235,303
194,122
46,144
106,9
380,398
251,284
123,98
399,2
190,8
329,203
66,238
99,235
259,373
71,173
319,9
115,359
245,209
135,337
163,27
295,146
155,172
294,330
7,8
